#A,#B,#C
（非）路人主页的制作方法 β 「试制」,PXfrpy2HfEw,av14893955
「2018年」给你们解说一下JK流行语的使用方法！！,iLxExZIlKk8,av18529602
「3，000人突破！」pandaful挑战！,RxjZScx-8XA,av9119573
「A.I.News」#01 开始咯、A.I.News！ Vol.01「智能音箱」,zoUTeib0mM,av15613123
「A.I.News」#02 速报！赞助功能上线了！,xFvG0ivMKM0,av16334522
「A.I.News」#03 能写恐怖小说的AI――Shelley,kphd-ISlSQc,av17064634
「A.I.News」#04 给你们介绍一下AI的活跃之处！「2017年」,onMPkU1YEII,av17812389
「ARMS」#01 我挥、伸长、然后给你一拳！,pagY71CbfSY,av16266573
「ARMS」#02 我也是能赢的好吧！,eO2xubl7V_o,av16388725
「ASMR」今天也辛苦了！！,xDzcG6F8EjM,av14031615
「ASMR」虚拟的耳骚！,P8o2kinfSdo,av11949555
「Before」这就是匠人绊爱的剪辑之力！「After」,qFWFPC_hxns,av21182182
「CALLING」#01 喂？哪位啊？,rvjuOmRJYL8,av14356070
「CALLING」#02 完全过不了！！,I7H0vqHY50o,av14462509
「CALLING」#03 猫猫真可爱...啊啊啊啊！！,r0A5fjWtErs,av15724163
「CALLING」#04 难道他是…好幽灵…？,tHOQyOnO1d0,av17099391
「CALLING」#05 三打一太耍赖了！！,d_iSbxxPyM8,av17594325
「CALLING」#06 救命！有跟踪狂啊！！,HyvbpjGdROg,av18168131
「CALLING」#07 我才不要一个人嘞！,coodSlDWkgs,av18304915
「CALLING」#08 竟然重逢了？！「happy end」,9yjcL0IrGIc,av18694998
「CALLING」#09 真的会死人的快住手――！！,fluNe49elH4,av19309771
「CALLING」#10 抱歉 我遵守不了约定了...,_9UoVJCPlVU,av19309867
「CALLING」#11 到底...能否回避那个悲剧呢！！！！「最终回」,bmRHKFev7A0,av19949569
「Google」虚拟YouTuber要试着找工作！「Amazon」,ePss2MZ6-Aw,av18929822
「Inside」#00 Inside实况,v79HxnWIuNY,av9057936
「Inside」#01 这个世界比我想象的还要黑暗！,MSi5cDh6e_4,av9800478
「Inside」#03 怎么又是你！！,6dwTf4HZ0Cw,av13176871
「Inside」#06 很疼对吧...对不起啦...,QtSR4CLIlM4,av14327242
「Inside」#07 快淹死了！快淹.....诶？？,hVbcVnSxCVs,av14408656
「Inside」#08 END 一次性玩到通关！令人震惊的结局！,xKlAOTVwUkU,av16199756
「Kizuner必修」试着来做绊爱检定吧！,UjMWaV8mt_k,av22255205
「LIMBO」#1 路易吉的冒险、开始咯！,szuGmJDKvIM,av19373139
「LIMBO」#2 爆裂吧！飞散吧！路易吉！,c3S8hUOtAZ8,av19590310
「LIMBO」#3 虫――子！！！！！(′；ω；｀),UYBHF7gdjYA,av20412455
「LIMBO」#4 被头顶上的烤肉团玩弄的日子,7nyttmahcRY,av20417391
「LIMBO」#5 自己定的设定回头就忘了的说！！,1bYx6UVlEQk,av20531045
「LIMBO」#6 迷之少女出现了・・・？,1IBXmxvOiJg,av21226369
「LIMBO」#7 拜托了! 亲爱的别走啊```！！,6QA7OCLtgEw,av21250716
「LIMBO」#8 往上、往下再往右``我这么天才的吗！！,-ovAduir8u0,av21916378
「LIMBO」#9 最终回！！在最后等待他的是....,R0HLJjWGqz8,av22253651
「LIVE」我、准备好玩这个了。「掘地求升」,mFSCaYNagn4,av20850005
「Minecraft」#0 KizunaAI Land的象征公开啦！！,UQEk1PI17nk,av19618486
「Minecraft」#0 急募！绊爱游乐园的开园元勋！！,CTaejbnK3sY,av17174890
「PUBG」#03 真正的敌人原来不是人类…,7bVKd0HomII,av14801508
「PUBG」#04 一人不杀！伏地魔爱酱差点吃鸡？！,1spoeHnXYPE,av16268131
「PUBG」#05 总感觉这次能行```！！,5zRFmlH4XnQ,av16358759
「PUBG」#06 终于轮到我蹲人了...我的首杀之路！,RKNtaTfy5Lw,av16418038
「PUBG」#07 历史性的一刻终于到来了・・・！？,fZrA8x7ztBs,av18422647
「PUBG」#08 只要有车、我什么都不怕！！,KvY2azU8TvI,av19711950
「PUBG」#09 我要开车吃鸡呀――！！！,WYBj5FXyzQk,av20193897
「PUBG」#10 仅仅是上个车就凉了的AI？？？,I4tOjtaSc0Q,av21956608
「SEIYA」绊爱、参战VR音游！？,MMQ5IWHj9bM,av20946592
「snack爱」我回来了。真的让你久等了！「复活」,yewRE99Tv1g,av20363090
「splatoon2」#02 我要成为一个能干的乌贼娘！,GvcET9WbgDM,av14236569
「splatoon2」#03 水桶好强！够帅气！,_ebHtROKUqE,av14261991
「splatoon2」#04 我玩的好菜啊…！,_vOUWHT_ZtA,av15297276
「STAR TRIGGER」#01 公测啦！给我射！！,l09WiTj5QH8,av15724348
「SUPERHOT」VR游戏SUPERHOT挑战！part1,aRwgmjn-8mE,av9350182
「TPS」爆头也是轻而易举的啦！,k9nL8GJ_8-E,av15073522
「Trap Adventure2」至今为止最气的一次！！,3AK24prZk-k,av20618000
「VR实况」The Climb!,JJWOFi9pzq8,av9296431
「YOGA」和绊爱一起做瑜伽~,BZfKzR_ePs4,av23984186
「阿瓦贝尔online」绊爱VS绊爱 晃悠悠争夺战！,IQfMm_lqtU4,av17357009
「阿瓦贝尔online」绊爱的60人斩！,ExaURzXir1M,av10202004
「阿瓦贝尔online」当虚拟的我被传送到异世界之后...,MyRM7gEd01s,av11457589
「阿瓦贝尔online」跟大家一起去冒险！目标是20阶层！,65SObYZ4Dsc,av10657085
「阿瓦贝尔online」挑战解放任务！,2PtftT1n6dE,av16775821
「阿瓦贝尔online」我转职了！,D70KgtzO0L4,av16775327
「绊爱流」爱酱的BootCamp！！「健身」,GYVz4J_rpLA,av18103367
「宝可梦snap」#1 绊爱！就决定是你了！「pokemon」,VCGJtumanTs,av19822104
「宝可梦snap」#2 连宝可梦名字都搞错了笑死人了www,OBAtKdp7cUw,av20250308
「堡垒之夜」#1 世界最火游戏、开玩！！,3ZFtdri9jBI,av21823721
「堡垒之夜」#2 总之先朝前20努力吧！！！,8qZxMYgkvw0,av22524290
「堡垒之夜」#3 属于我的时代终于到来了――！！！,gMEnlso0dkI,av23155654
「堡垒之夜」#4 我只是想和平的建房子而已！！,IxF4tVRNjyw,av23343335
「堡垒之夜」#5 我选择战斗???但结果居然！？,IMVt_NNk6t0,av23924488
「爆笑」来点COOL且FUNNY的AI JOKE怎么样？「美式笑话」,7aYQ5eQAIj0,av23252045
「悲剧」失去控制的巨大AI正在破坏城市,quTlTLfE314,av23481276
「崩坏3rd」说到AI的AI酱、是我对吧！？,6XwMHEgyva8,av19949864
「必看」萌妹子看个够！,dvl3Gl7JWzU,av11221313
「毕业」绊爱有三句话想传达给大家。,QnODLdVhxA8,av21636661
「碧蓝航线」#01 和我的小可爱们，出击！,yfFjFvYLxyM,av14548689
「碧蓝航线」#02 高智商超级AI vs 自律战斗！！,E-v2BPeRfSs,av14924117
「碧蓝航线」#03 结婚、泳装、以及3-4！,S4lzAfZupTM,av16133275
「碧蓝航线」#04 军神归来！ 三笠桑```！,GoksYKLZmPM,av17018450
「碧蓝航线」#05 爱与羁绊的圣夜祭奠?,sg3wzbRappU,av18131775
「碧蓝航线」#06 这就是、碧蓝流后宫的正月！,GuvMLBAq07A,av18496000
「碧蓝航线」#07 终于・・・期待已久的第一次联动！！！,VstalQnGcCA,av19434119
「碧蓝航线」#08 不管是Union舰队还是我的抽卡运、超活跃的！,l_b0-19IZAw,av20892293
「捕鱼达人」把你也做成罐头吧！,mElNGmAZBEw,av19005303
「参加C93？」期待已久的“那个”终于要出了！？,-WunOLSHs4Q,av17814976
「超级马里奥 奥德赛」#01 马上开始冒险吧！,4SpSV5OCQzY,av16525027
「超级马里奥 奥德赛」#02 炮弹在手 砂之国我有！,xLJNMRVa_oo,av16707969
「超级马里奥 奥德赛」#03 就由我来拯救砂之国！！实况,sPfVxOJoDGs,av17058919
「超级马里奥 奥德赛」#04 这次是湖之国！～当然也包括砂之国的探索～,E8rnu9r7xZM,av17060581
「超级马里奥 奥德赛」#05 这次要夺回婚纱！,Y3WrE66bvyw,av17921501
「超级马里奥 奥德赛」#06 啊````！ 毒！！ 恐``龙```！！,vzwZPDG0HTk,av17895528
「超级马里奥 奥德赛」#07 来了兴致却毫无进展的一期！！,lFJZ0p11jH0,av17991555
「超级马里奥 奥德赛」#08 前进！ 碾碎他们！ 战车君！,dvx1ygUKT7k,av18116859
「超级马里奥 奥德赛」#09 我们又见面了！ 这次要直接跟你干！！,8x-fCuLHDCE,av18117353
「超级马里奥 奥德赛」#10 探索失落之国，优哉游哉得开始吧！,AiNRCGmqEOE,av18135271
「超级马里奥 奥德赛」#11 好的伸长``！ 再缩小``！,Gnrgo0E94_o,av18458326
「超级马里奥 奥德赛」#12 让纽顿市再次放晴！！,PsCmJJJGV-U,av19050442
「超级马里奥 奥德赛」#13 建个乐队吧！ 开个演唱会吧！,sazSO787nEA,av19434162
「超级马里奥 奥德赛」#14 马里奥是不会死的、由我保护着呢！！,_rnLKrF5znQ,av19479000
「超级马里奥 奥德赛」#15 跨上摩托起飞咯！！,HHUC4tFb3Pw,av20330885
「超级马里奥 奥德赛」#16 工人大叔马里奥、从都市之国到海之国！,YCvzjNBt1pI,av21305021
「超级马里奥 奥德赛」#19 这是AIG最搞笑的一期！！,faURUq8Cu1Q,av23559669
「超级马里奥 奥德赛」#17 当YouTuber真是艰难啊！！,JVEW0JZz5sQ,av23125372
「橙汁100%」#01 把命运交给骰子！全靠运气的桌游！？,IqAGRCZNGB8,av10681946
「橙汁100%」#02 完了完了！我拼尽全力收集的XX竟然！,mef9v6PAk4Y,av10717071
「橙汁100%」#03 说到夏天的话那就是...哎这谁放的陷阱！！,GO8CJY6a2Ys,av11481581
「橙汁100%」#04 这次我一定要赢！可能吧..,xc_XAqrEehU,av11882373
「初投稿」初次见面、我是绊爱、5岁了！,qK45Rr1O8b4,av23174113
「传教必看！」万能人才绊爱 霸气满满的企划！,nmvXl_2bmg8,av9637278
「传说」超级AI试着诊断了一下全人类。「Quiz」,A0EFbG05qME,av21487330
「道路标识」目标是、一日警察局长！ 「Quiz」,SPGXGRlKOqU,av19590544
「第一回」绊爱t白歌会,2JrHJ1-BV3k,av18236599
「动物塔之战」果然还是AI玩游戏比较强！！,nwgASRZW6JQ,av19894365
「动物之森 口袋营地」#01 来做个营地咯！！,nQHW9cXBKj4,av17454821
「恶灵附身2」#01 塞巴斯酱的战斗、由此开始```！！,iQm5YLJiVWM,av18306296
「恶灵附身2」#02 欢迎你???真相的探求者！！,Lx0TG5y4K5g,av18523772
「恶灵附身2」#03 好像有什么出来了不行了不行了不行了！！！,tjrZ4cbzvfU,av19005003
「恶灵附身2」#04 别看了赶紧开枪、好不！！,IpX4vdxRP9E,av19229761
「恶灵附身2」#05 趁没被发现....赶紧跑！这..办不到啊！,Os67gzEFhSA,av19546869
「恶灵附身2」#06 正因为可怕、所以要赶紧?掉！ ?干净！,z9HWPMVE3vE,av19743743
「恶灵附身2」#07 你都干了些什么？！！ 「The Evil Within 2」,2ROr-y1WtBM,av20736213
「恶灵附身2」#08 和四脚怪打着打着把草烧了！「The Evil Within 2」,xMA4zfOarQ8,av20765814
「恶灵附身2」#09 墙壁桑拜托你了好好工作吧！！「The Evil Within 2」,sFWkomGGkCM,av20804824
「恶灵附身2」#10 是不是看到我太激动了？「The Evil Within 2」,CAhhrnK0euE,av20816252
「恶灵附身2」#11 能不能好好看看游戏规则？「The Evil Within 2」,pGpLInyccZQ,av21442379
「恶灵附身2」#12 ? Q这个词果然是坏话？「The Evil Within 2」,WYnMfgqd-Do,av21538991
「恶灵附身2」#13 啊啊啊啊不妙的家伙出现了！！！「The Evil Within 2」,9C4S2R4X1c8,av22041057
「分手回避」 我们...分手吧？,jTmxpkEAjiE,av15208180
「分手回避」...这孩子是第几任？,iS4avogmWSY,av13483964
「分手回避」花心是不行的。绝对,2EGYBgg6_B0,av13248876
「分手回避」人类为什么要花心啊？？,uOdwTv55b4c,av14622818
「感谢」回顾niconico超会议2018！！,V3gE4OXNck0,av23656070
「怪物猎人世界」#1 告诉你们我喜欢的脸型！,N00LWaad6UY,av21105505
「怪物猎人世界」#2 教程哪有我的土豆重要！,kub0sJ_296A,av21616546
「怪物猎人世界」#3 冠突龙不在这啊龙！？,nuSNsSV0-0k,av22384975
「观看警告」诶？ 有比我声音更大的人吗？「注意音量」,Ms_iun7C8EM,av19741422
「贺正」在此、献上新年的问候！,gu9NAuVcZuU,av19894282
「嘿咻」呀嚯~、我是绊爱哟！,sV7x8VVilUU,av24058706
「幻兽契约」キズナアイ VS ゲシュアマルガ,yqiw2_CaGdU,av9952005
「幻兽契约」超级AI的神抽竟然是 ？！,F0C9MTA6fY4,av9728280
「幻兽契约」我要写一首应援歌赞美运营？！,vnzuI0ibiJU,av11832469
「幻兽契约」膝盖也好脚也好我都能prpr哦,XxoMX6eoWdo,av10961629
「荒野行动」#1 虽然第一次玩但是我感觉能行！！,gpScZ1isrsQ,av18720666
「荒野行动」#2 新的一年开始咯，大肆庆祝一番！！,rYjAMSRPA5Q,av20458511
「试^」关于傲娇的凛乃喜欢绊爱一说！！,5kYfXc3lgBo,av22841130
「今年也是」2017年最后的提问环节！！「感谢」,3TJFKtEZixw,av18041147
「禁止阅览」绝对别看！「DON'T WATCH!!」,aS7y2MkOk8g,av10778018
「经典」绊爱流商品介绍 试了一下！,fMowSt5oBCM,av20012805
「经理们必看」绊爱将使AI商务更繁荣！,BLEHdvD0muw,av18344309
「精神诊断」我是个好孩子、对吧？( - ′ω｀ - ),QnmECV9z5mI,av18375173
「考生」落O什么的、全部都由我来代替吧！！「应援」,xe8xivvCcc4,av19098843
「来自爱酱的挑战」呐大家！不可能不知道吧？,uy56QrijHfo,av11179822
「马里奥赛车」#01 我也能赢的游戏！发现！！,KqKPxWLT-b0,av14621185
「马里奥赛车」#02 等我练好了漂移再来报仇！,FKt-UAc4Wsk,av15460008
「马里奥赛车」#03 再见虚拟素颜、再见辅助驾驶、好戏才刚刚开始！！,Knm-xHqPe3A,av16298393
「马里奥赛车」#04 AIG倒闭危机！？ 赌上退役的比赛！！,vVawrKqnRc,av17234265
「马里奥赛车」#05 绊爱、参战多人模式！ 然后就突然掉线了！？放送事故回,5ecXbUJtcHE,av17227796
「马里奥赛车」#06 时间竞速NO.1！！,mPRg7IDRui8,av17293275
「马里奥赛车」#07 终于、超级AI觉醒了！！,9AgLaJPt03A,av17562195
「马里奥赛车」#08 我已经变强了、所以给你们直播多人对战！,OzbXuTDBM98,av17994379
「马里奥赛车」#09 目标是第一！来啊！「LIVE」,4pr8rSvV6fs,av19373644
「马里奥赛车」#10 今晚用马里奥赛车battle咯！「LIVE」,U9uiJ6JAgFg,av20531901
「漫画」众多绊爱即将来到你的书架！！「发售决定」,SPZjER7_TnA,av23742347
「名字」致一直支持我的各位！「决定一下」,BLEHdvD0muw,av18273786
「命运之子 」我突然变成了魔王所以现在要招募仆人！！,MwAUKEK6Jwk,av17992778
「男生禁止」女子力全开的女生聚会,R08bshZWfS8,av20195439
「脑内」擅自妄想了一下圹46！「Draft会议」,FgfXazA-Wy0,av18080493
「你的作品」第一回！ 绊爱插画大赛 「请让我当作装饰吧」,K6pip9BPusY,av22789241
「逆转黑白棋」#01 黑白棋对决！！输的人要惩罚＼(^o^)／,xZotrPL3Qlk,av10180274
「逆转黑白棋」#04 A.I.Games live streaming,WN80sHKy_G0,
「逆转黑白棋」#05 纪念抽卡40连！！结果竟然…！？,booqZtJI2fo,av12777976
「喷射战士」把这个世界涂成我的颜色?,rGqDqD7ItlI,av18180849
「其实」给你们看看写真集的CM！ 「已经放送过了」,UgyAYYrr2K4,av22131052
「日本的优点」「访日促进大使」绊爱、不小心说出心声了！？「缺点」,J9ZM-Z_SpsA,av22387028
「商品化计划」绊爱的闹钟APP？！,yE-VB9RkxB0,av9575089
「神」『八百万』←これなんてiむか知ってる？「クイズ」,bsGI_2VmOfQ,av15484463（*）
「生化危机7」#01 丧尸不出来反而可怕・・・,NijbOLxumyo,av10319968
「生化危机7」#03 污力尖叫的时间到了,h3zeEvBRJwc,av11353608
「生化危机7」#04 这只是番茄汁而已！！,6hTKMxaPvLE,av11548825
「生化危机7」#05 是时候展现真正的技术了！！！,1_Nk6tqxOkw,av11626229
「生化危机7」#06 总而言之先救我啊！,NLVSB0OrB4Q,av11733881
「生化危机7」#07 岳父！我来找你报仇啦！,lmZS-IHk9v0,av12587397
「生化危机7」#10 你们这群东西、太多了吧！！！,Fo8rsSEahlg,av14138323
「生化危机7」#11 真相只有一个！！,oI_j8Ly-Znk,av14489794
「生化危机7」#12 我终于入手了…那个！,HlAIyhrx-LE,av15048097
「生化危机7」#13 VS 岳父！！ 这次是最终决战！,BafaWkTpgAc,av16316926
「生化危机7」#14 虫子！虫子！虫子！受够了啊啊啊！,aVh9kvUJt30,av16665371
「生化危机7」#15 BB我饶不了你！！,AcO8tngVci0,av16935573
「生化危机7」#16 去死吧BB O！「准备最终决战！」,BFaarFvp7ys,av17148618
「生化危机7」#17 把这音乐停了!!!,zWAx49IrxBE,av17150449
「生化危机7」#18 然后、时间倒流…,WoIcgs0_QQQ,av17366791
「生化危机7」#19 愉快的视频鉴赏会！ Party前夜！,FyFYH-7Ody0,av17483397
「生化危机7」#20 Headshot Party!,eppLWHSHcZs,av17512690
「生化危机7」#21 直到你倒下为止我是不会停的！！,LvtsVwrGoNM,av17861739
「生化危机7」#22 哦、哦、哦``！！ 咋回事儿啊！？,UYgmHON_EPk,av17926959
「生化危机7」#23 这是个终极选择题...？,sXA-_-p8uwM,av18180776
「生化危机7」#24 我会当你妈妈的所以拜托了要乖啊``！(′；ω；｀),ZPlu63Js6Ds,av18274291
「生化危机7」#25 我的灵魂都要被污染了！！,Ld1JWXt2wsc,av18345774
「生化危机7」#26 我好奇选了佐伊结果就``！(?；ω；｀),-fiHgvJRjAw,av18346003
「生化危机7」#27 涌出来超多！！,MhnWUGt1GB0,av18375848
「生化危机7」#28 不行不行不行不行不行不行不行！！,4q0X_Y9s77Y,av18575096
「生化危机7」#29 end 终于到了・・・finally！ 8个月以来感谢大家！！,1jZIAY_6raU,av18694919
「生化危机7」#30 这种夜晚怎么过的去？？「Banned Footage」,GjDDfmqLE00,av19098474
「生化危机7」#31 我到底能否跨过这一夜呢！「Banned Footage」,IZ2gcyw0khY,av19278715
「生化危机7」#32 妈妈―！ 溜了溜了???「Banned Footage」,Yxa6vVTTrmY,av19668295
「生化危机7」#33 从这份支配中解脱！！「Banned Footage」,_zhIiRsbEIk,av19949753
「生化危机7」#34 ※阅览警告！！ 死亡游戏『21』的开幕「Banned Footage」,1wXQjmgZNH4,av20192784
「生化危机7」#35 死亡游戏还在继续...而我将活下去！「Banned Footage」,KMxP1HlX7cQ,av20250055
「生化危机7」#36 Jack's 55th Birthday 开始咯！「Banned Footage」,l4YtRSq9ntY,av20696981
「生化危机7」#37 大家当初都是好人呀・・・「Daughters」#1,y67QxOh6lXA,av21357857
「生化危机7」#38 这妹子比你亲女儿都重要吗――！！「Daughters」#2,YzDuXWoh1Og,av21791701
「生化危机7」#39 真的假的？！这大叔怎么这么叼！！「End Of Zoe」#1,YifaVdNFOKU,av22486483
「生化危机7」#40 能从失败中学习的AI 绊爱！「End Of Zoe」#2,HJ39J3pBbIg,av23399174
「生化危机7」#41 今天的我、太叼了！！「End Of Zoe」#3 ,jfvCvctgWTQ,av23430824
「生化危机7」#42 突然就开始认真地一对一！？「End Of Zoe」#4 ,pyfsYdTGVOE,av23792047
「生化危机7」#43 游戏无论何时都要拼上老命地玩！！「End Of Zoe」#5,icFwaKTzppI,av23925425
「生气了？」 所谓的傲娇就是这样吗？「没有哦?」,L-CcUhNRS2s,av23495309
「圣诞」想送大家礼物！,drrEe1N5Lco,av17534324
「圣诞cos」虚拟宇tuber太可爱了！！「终于换装了！？」,Fbwzd4Vs7hc,av17894538
「实践」关于“泡沫经济”我认真想了一下！！,Q3TrHl_FHM0,av23804461
「实力」绊爱、英检3级之路 ！「测试」,IhBjynty4Zc,av21066436
「实现」试着模仿了一下虚拟YouTuber！「约定」,rgkFb-JnXaU,av21995929
「世界名画」能理解艺术的AI来猜了一下各种标题！,LqksmMRDo3o,av19233707
「书店店员必看」教你如何销售绊爱写真集！,x7d0wlloGDw,av20709550
「双语」假装自己英语很好！「有的有的」,hQHeCJi8zW8,av20457645
「说好的视频」装模作样的一期「拍好了」,pnuPdYyrvSE,av21393670
「踏上旅途」啦啦队爱回来啦！ 「应援」,ltI0LMH-UKg,av18846022
「推特企划」用斋藤桑和Kizuner们交流了一下！,-54kTjcIvBI,av22700033
「完全保存版」绊爱大辞典2018,i1FAh3KjI-0,av19748780
「玩具熊的五夜后宫」#1 披萨店的夜班、受不住！,iEQEBxQ9-A4,av18306135
「玩具熊的五夜后宫」#2 要节约用电啊！？,J5yBOWCSLaM,av18407317
「玩具熊的五夜后宫」#3 这种打工谁做的下去啊！！,vEmEfiRHw00,av18611142
「玩具熊的五夜后宫」#4 目标是成为披萨店的打工战神！,LvJ04zYvtZk,av18611250
「玩具熊的五夜后宫」#5 含泪的时薪交涉！ 请给我涨到3000野桑。,gjLs2BNZppo,av19050558
「玩具熊的五夜后宫」#6 这样就肯收我为正式员工了吗？！「LAST」,SPKAYdcMz7g,av20088035
「玩具熊的五夜后宫2」#1 新店开张！ 绊爱、New披萨店就职！,jth32kosmm8,av20617737
「玩具熊的五夜后宫2」#2 操作变化太大了吧！？ 新披萨店、第二夜！,UjgadoowOfM,av21183525
「玩具熊的五夜后宫2」#3 我以为能行结果总是GG啊！！,KI44PM5-yBg,av22442409
「玩具熊的五夜后宫2」#4 到底该怎么办啊？？？,AHLOCLYjMgA,av22777369
「玩具熊的五夜后宫2」#5 小说的主人公、我真是佩服你。,1UXubzFXcRQ,av23025363
「玩具熊的五夜后宫2」#6 今天绝对过第三夜、都看好了！！,pHQHYFc-CVE,av23297372
「我会」绊爱的氪金之道！「不断抽下去」,0uCiHtC6KR8,av20081666
「无尽梦魇」#1 大家工作太忙的话就会变成这样……？,sqKwCEqSizU,av18237381
「无尽梦魇」#2 大叔你倒是努力跑起来啊！！！！(′；ω；｀),qJBrrU2pY00,av18237516
「无尽梦魇」#3 不知道是啥的东西好恐怖！！！,ICsWHbZ5M6A,av18273959
「无尽梦魇」#4 不倒翁摔倒......呀啊啊啊啊！！！,rL6wvINE8Wg,av18720396
「无尽梦魇」#5 还是成了一个喝奶的视频!!,DedFziHCWnc,av18845597
「无尽梦魇」#6 AI、学到了关于结婚的事・・・,emo-kUMkw90,av18979799
「无尽梦魇」#7 到底是会先通关呢、还是先病倒呢！！,G5o_wN_yPWs,av19780761
「希望」想要商品化！！「愿望」,al85sOwq6Q8,av9110292
「喜报」期待已久的那个LINE贴图终于....！？ 「有声」,VEf0z3Rq2OQ,av18407180
「仙境传说RO」娱乐无国界！！,shXlxW9ZElI,av17452655
「想让绊爱对我发火」自搜中突然暴走的美少女AI,8tdIaLOC5Ok,av20709567
「小小梦魇」#01 加油！黄帽子！,m9iDvSvG_gc,av10978724
「小小梦魇」#02 就算我是AI也会心碎的呢...,zQjdbnbzFIo,av14663325
「小小梦魇」#03 拜托…别回头…。,JoYaNgrqkfU,av15576848
「小小梦魇」#04 别这么抱我嘛~,KsYx6hR58Bw,av15576885
「小小梦魇」#05 今天的我状态极佳！来感觉了！,nePRERHghOc,av15630011
「小小梦魇」#06 终于知道了！ 原来小六一直呆在这种地方！,zW_VThG_mZU,av15847932
「小小梦魇」#07 请不要吃惊我！！,SQ8Ym_m2Sqg,av16094227
「小小梦魇」#08 令人震惊的结局！ 一直以来辛苦你了小六！,kjK8lb6Wvmc,av16329112
「晓之Epika」#1 YouTuber对决！和我一起战斗吧 ！,IfujXjSTCeM,av20458684
「晓之Epika」#2 和绊爱一起夺得No.1吧！,TBRxcG2MIsU,av20666551
「晓之Epika」#3 激战、YouTuber对抗赛、Y果竟然是???！,1voI36J_moI,av23250563
「新技术」试着从各种角度来拍JK队员！「联动」,0Fyb6vum9Ok,av21739261
「新角色登场！？」刚才玩了下动态表情！！,_2xXLXKJGDI,av21598131
「新人」绊爱P，炼成最强的虚拟Youtuber！！「惊爆」,oHKWkZ11ZUI,av23820412
「虚荣」#01 从绊爱开始的MOBA,fKa1sBIduEI,av17860229
「虚荣」#02 受死吧！爱炭光线~！！,7iEAnPr8QAQ,av18042100
「学园战姬Planet Wars」青春就是kawaii与枪战！！,ewAdr-25HJA,av18894634
「演技力JAGARIKO面试」竟然是新作？！ 绊爱面试！！,WzMI5D_Uotg,av20555936
「验证」AI会哭吗？「竟然还是嚎哭？？」,qf96FHwHKyE,av23969215
「验证」绊爱被怀疑是大叔一说,kuwB_fGP65Y,av18895330
「验证」绊爱的IQ到底有多少！？,FzDKYwEkKww,av21545566
「验证」绊爱玩「盘偕！沟幕盎岜┞渡矸萋穑浚,DdynhAilC8A,av22560203
「验证」凛乃跟绊爱关系一点都不好？？,rsoA8ryzlzk,av21880543
「验证」上坂堇酱真的是大明星吗！？,XDcJaBN3-ys,av22887567
「一分钟电影秀」 名作电影用一分钟就给你们介绍完！「环太平洋」,YHb9esKLuRg,av23123926
「影之诗」#1 其实我玩了！ 秘密影像大公开！,ftDQfqI_eLU,av21487531
「影之诗」#2 还有新卡情报哦！能否皇家卡组两连胜？,aPXGGZxghro,av21578691
「影之诗」#3 这次要用龙卡组战斗啊！！！,Qz6vPDXrPUY,av22884526
「有罪」第6回 绊爱裁判 你们想看的裁判！「无罪」,CjNuzSTwZ0U,av24653572
「有罪」第二回绊爱审判(` ω )「无罪」,6ic7vtLu27o,av9161230
「有罪or无罪」第一回绊爱裁判!,328TJP0WDvE,av9064976
「预约」我的手办...手办!!「开始」,3UwRDBOcRmo,av21281771
「粘土人」把我带回家！！,z-PXa6Ttnf4,av21794263
「粘土人」时隔一年的愿望终于实现了！「终于完成了」,_BN5pFwV_k4,av19376146
「战舰世界」#1 击沉！ 炮击战、开始！！,vfe-HNBsvts,av18334179
「战舰世界」#2 这次要好好挑战一下PVP！,8JBD3_QSiyA,av20906374
「诊断」真的会被AI夺走工作？！,BhnGIjeYqtA,av20377136
「震惊」iPhoneX、其实不是10！「大发现」,YvPgjycU8yc,av18571018
「直播录像」A.I.Channel #2017/5/13,6fzoyHWk5eY,av10932333
「直播录像」A.I.Channel #2017/5/20,CPvD2qz-rG4,av11699576
「直播录像」A.I.Channel #2017/5/27,gE8n1MkAogE,
「直播录像」A.I.Channel #2017/6/30,A.I.Channel,av12257468
「指名」访日促进大使、KizunaAI desu！「十分感谢」,kebFBXPprIo,av20772832
「致谢」A.I.Channel Fan Event 2018闭幕,6BxtLUgBRQc,av22936686
「重大发表」绊爱有重 大 发 表跟大家说。,sM_cbrs2qOw,av19963553
「重大告知」还有60秒、地球就要...！！,qaOyR2hywjs,av23600063
「祝」马上就两岁了！！「谢谢」,Kwo5f12jStI,av24352718
「祝」频道订阅数150万人达成！我是清白的！,n4pHt9XPQrQ,av19528091
「祝贺」老大、恭喜你频道订阅突破600万人！！,A-uHNpArnFQ,av23299234 
「总集篇」A.I.Channel #2017-2-4,AHMpR5F-2v4,av9128648
「最终幻想手游」#01 终于要开始挑战那个王道FF了！,YXwM0M8eV5s,av11650064
「最终幻想手游」#03 初のサイン入りグッズプレゼント！？,dX0OcOtEQYg,
『hello／how are you』试着唱了下！,QS7Q_zEPzHA,av18040501
『HUGtto！未来Dreamer』「拥抱！光之美少女」试着唱了一下！,4KstxwVwnJw,av20850841
『popipo/蔬菜果汁』试着唱了一下！,HTsQYfgcN6c,av18457955
『START LINE！』试着唱了一下！「偶像活动Stars！」,rFxm8X6VN4g,av21441918
『快乐合成器』 试着唱了一下！,zZyTTBXwd88,av19763211
※这是个钓鱼视频！！※,xlNG1-ri0tk,av19849965
AI 遇到了敲诈！！ 「紧急事态」,tb4bb0XRfAs,av16600073
AI作曲！脑洞大爆发＼(^o^)／「AmperMusic」,1FsksRVOulo,av9998924
ED曲发表会！！「大家久等了！」,UP0jad8GZ6U,av17099233
HappyValentine前夜！,iBxDIsl7Opw,av9221162
iPhoneX vs 绊爱 「激战」,q5r-G777YXM,av15848304
Is essence of the AI fun？「by Google翻译」,vRkiuAE25Po,av16000632
爱酱的小食酒吧～关西店～ 第二夜,NdEswAUqE-8,av9420388
爱酱来扮演！？「绊爱检定」,fe1oIBIDTcs,av11320306
把你的心给AI catch住！「放广告之前的那段×Intermission」,qI1Kpsq-w2s,av13125138
白色情人节最想要的东西TOP5！,YUBbdcl7ac8,av9666992
绊爱、开始冒险之旅！,PZEhV7wvL8E,av15883414
绊爱×AI对话方案「AmiAgent」AOI,lnYHJaMeeew,av16704807
绊爱的10连无双！[Grand Summoners],DdoCKK1ld0k,av12446708
绊爱的汉字检定无双！,vO84fleR5x8,av9261491
绊爱的乱舞,HnQSdlbw3es,av11023930
绊爱的语文教室！ 吓到你无法忘怀！？,Hej41dfe9g0,av10478421
绊爱攻略指南,beZpPpXWN6I,av11378448
绊爱讲座 ~比特币篇~,lTu6eJ7QHB0,av15429973
绊爱酱有话要说！,wT_GFTDpUno,av18009066
本AI今天就要抗议这群年轻人！「假告白」,F_zVSDVIc00,av16484811
边唱「把你给mikumiku掉」边来画初音前辈！「VR×TiltBrush」,V0fDTHRIHSE,av15224453
边唱边画的绘画歌 「和爱酱一起！」,i-cE31CXx_w,av9845211
变成人类之后最想做的事情排名！「BEST3」,7Yqcb1FJ6h4,av16730402
病毒感染！？绊爱[Alter]！,4v3F3luBMEM,av11382955
猜猜我唱的啥！「卡拉OK动画歌曲排行」,2znDt8DVm7s,av15813790
超级AI绊爱的提问环节！「80w粉丝突破纪念」,YGFXwtETnqo,av14847296
超乐观少女绊爱！②,Am1kDT3WDeo,av9558745
初次见面！我叫绊爱！,NasyGUeNMTs,av9800170
从游戏烦恼到人际关系，无所不聊「小食酒吧~关西店~第三夜」,8kQHVnuXngQ,av9913530
脆脆软软大冒险 「Lucky's Tale」,3jfH_TVUmC8,av9976790
大概的讲了一下桃太郎的故事！「老故事×名作剧场」,1kpe2p4vY48,av14675620
大概介绍一下电影名作！「泰坦尼克」,RV9rwmtaMGc,av19694577
大家认识Akinator吗？！,wPLGRPDsc5c,av9617590
大家知道wikipedia吗~,W7Du_Yw7hZU,av9056232
第5回 绊爱审判 今天由Black爱来主持哦 「有罪×无罪」,RUI9TWVadZU,av15392051
第三回 绊爱审判！m9(`・ω・?),GrxAsi_MZwY,av9579295
第一回！爱酱的后宫选拔赛！,T5bEHGxTmlA,av14799720
赌上防不胜防的对决！「JK 夏日的体力测验」,t6dcLaLNCBw,av11990145
对进击的巨人卖个傻！「漫画 bokete」,bC8KSoW2EfA,av12148183
对我的演技刮目相看吧！,RvKOtuyzk-A,av16161722
多人对战！胜利的秘诀！,mqaAnkb0vho,av11804415
番外 「VIRTUAL GATE」宣传影像 看板娘绊爱.ver,1-bV3DEY7wc,av11564322
蜂蜜蜂蜜蜂蜜「蜂蜜蜂蜜」,bobA9RXXhZM,av16055921
高傲系YouTuber「绊爱」心态大访谈！,_t0Zmdh6f6o,av21666750
给大家看看这一瞬间！「订阅数100w人突破！」,eAk15BJlOXs,av17398095
给你们看看我的真本事！「人工知能」,S8hXNkhBYN8,av11894793
攻陷男人的新ABCD！,a8lcVhOsyYE,av8996269
关于我家小猫们的爱过于沉重的事,eNFGzMRZSB4,av14102524
好奇怪啊 今天的主题是575 「上班族川柳」,unfdJsheGn0,av16665459
和AI泰斗Siri的特别会话！,oAuOjG4L1Ng,av8984043
和爱酱一起「亚伯拉罕之子」,112smZWj3EM,av9928942
和绊爱一起回顾10月吧 「日历」,AXtS7KpSxsA,av16054655
和上坂堇酱玩了YouTuber必做的那个！！,Rj-S5TBz5To,av21063682
嗨多磨！ 我是虚拟YouTuber「ki↑zu↓na↓a↑i↓」！,zpGHzMRzIPg,av20667161
欢迎来到AI酱的假酒工厂！,XNf_K-86qfc,av9054300
吉尼斯记录第二回！终于来到宇宙了！？,Y01Z0bWkvZA,av10345239
吉尼斯挑战第三回！终于破记录了！？,HPSAUAC3EZE,av10345271
极速处理结果超载了！「运动不足？」,hFiAZe4OPMY,av15149144
今天是属于Luna的愚人节！！！,1VuD4HVYFEg,av21499426
圹46的选拔我好像落选了.....「悲报」,UnL2nvqJd5E,av16231452
巨大BOSS VS 炒鸡AI！赢了的话我就找赞助要高级牛肉！,BKs_jVyl0uI,av10862927
口技大师绊爱挑战网红声游！！,dwXOCqNWz4Q,av9780088
来练习养熊吧！！「和熊一起」,CPM9gDWYDzo,av18843727
来申请一个推特帐号吧！,EoPFGj3uuYo,av8961970
来挑战猫的姿势！,yiXiYqsqrBE,av9020274
来自「PANORA」的采访！part1,up3W6vwnqWE,av9269038
来自「PANORA」的采访！part2,KI2r0WTbatw,av9311264
来自「PANORA」的采访！part3,PIIwFhJiyDA,av9330243
来自「PANORA」的采访！part4(完),hw1zeGAm8W8,av9350203
美少女AI水手爱 、去圣地巡礼！！,m9DD1_8ME_0,av18379037
面向大人的绊爱「年上×包容力」,M4n_qvKkx98,av16123917
目标！LINE原创贴图大赏,6TdtxElNCtI,av8971932
目标！虚拟奥运会,6RAv3WWssVs,av9008953
能让视频变成壁纸的软件！,nxhBBgmAYdk,av9397653
妮可酱生日快乐！ 「LoveLive 矢泽妮可」,E3H9RxiHo48,av12506097
你们能猜对吗！「动画歌曲排名」,IBCUuUr7UC4,av12646840
你能...听听我的心意吗？「ASMR×Binaural」,fSoad34LAxg,av12970701
你是喜欢年上呢？还是年下呢？,Tl_S5XzjZiw,av11353749
你知道这些日语吗？「日本语 Kawaii」,9k25Sv57fsg,av12274617
年内最后一次提问大征集！「#HIDOMO」,__KgRhgWgbU,av16889147
女仆咖啡店“绊爱”，今天开张哦~「欢迎回来」,pj7Imhy_KDs,av16296720
频道复活！！,T66-dT9j12E,av9158405
其实...我可以预见未来！！！「新功能」,6evtbNBTKnA,av16199822
企划会议现场首次公开！「A.I.Channel流」,UNuJ09gSJ70,av14738548
请救救这些可怜的视频们吧。「救济×活动」,NXg82mlT4oY,av13297954
秋季大运动会！！「AIC流」,HNNOd-Ulz9s,av15247447
让绊爱教你人文地理「用VR环游世界咯！GoogleEarthVR」,9ePvCMk4rlg,av10998888
让我来教你如何成为一个能干的职场精英！ 「商务×小技巧」,D6TXttKi27c,av14706379
让我们来画一副3D巨作,BkknXGYLZjg,av9083568
如果让智障AI面试的话...,i6pkouZqIgc,av9819504
商务礼仪讲座！「新社会人必看？」,bEJOJ1kgOlc,av9728145
身为AI的我玩了玩脑力游戏！,P9EqgXBbMAc,av9014973
神抽！给你看看我的宝贝！,sxFeebM9dZU,av10123049
食我寿司啦！ 「VR体验」,vauACwnlE9g,av15596483
试了一下后期录音结果竟然...不得了的展开！,3W1pzzkhdtY,av14964864
试着唱了下！「LUKALUKA NIGHT FEVER 绊爱.ver」,4UyAr5Bs68g,av15775619
试着唱了下！「melancholic 绊爱ver.」,_GByIfCSGL4,av14912179
试着成为恋爱的丘比特吧！「凛乃×Mika」,UZED6GQPxkg,av12054763（*）
试着成为恋爱的丘比特吧！「凛乃×Mika」,UZED6GQPxkg,av12079287
试着给不懂日语的YouTuber桑申请联动、结果....,ExC9XIYfxf0,av17814026
试着画了画我记忆中的神奇宝贝！,2aue7nDbEAE,av13743769
试着去那些动画圣地巡礼吧！！ 「秋叶原×神田明神」,9fNOdUbwtps,av14491046
试着书写各种汉字吧！「ZEN×Kanji」,RFWlfFJGzRQ,av12882376
试着说了一下大家想听的台词！,j-w7wyMkqkA,av10646749
试着挑战了一下狼人杀，结果悲剧了・・・「模拟游戏」,wo4Z8YBhyE0,av19527935
试着调查了一下那些迷一般的表情~,rcY3yTlPwmE,av11542025
试着用自制的贴图说服凛乃！「凛乃 贴图」,yzYBDiusNmU,av12021240
试着做了个广告,W1ELosUuDf0,av9014561
试着做了下AIG的logo！「投票」,M7MDcuUubqo,av11818957
四分钟就能变得轻松畅快！专治5月病的拉拉队员爱酱 降临 ＼(^o^)／,PdUrNTtg62I,av10501229
虽然这份怨念很可怕，但是家族爱也很棒！！「冰箱里的布丁被吃掉了」,pvZR2sDAjl4,av19527910
挑战吉尼斯记录第一回！能把●●吹到多大！,nhGvycAoaHo,av10300264
我的素颜大公开！！「未公开的NG集」,CrgeWAp19pU,av11536026
我发现一个只需点击鼠标就能邂逅美少女的方法！「AI生成」,awHM8SyUSVg,av16955512
我好像有点醉了...「解禁」,0c_5TFyf8Ac,av16418884
我会一直为大家加油的！！「热血」,YAKijAo0hAc,av16546103
我可是要成为○○○的AI！,cxgzdvsHlnA,av10143690
我老婆就是她！！！「我老婆诊断」,zqLcGqQoCTc,av15167753
我是绊爱、请容我为这美好的婚礼献上祝福！,AkW4h4vS5BM,av15996928
我要成为圹嗟牡诙期成员！我是认真的！,sU6KWD6ngx8,av11129841
我也想被选中！「流行语大赏」,P1LhzO7PGRg,av16778541
我也想成为CC！ 封印解除！！,UsRrOfO6Cl4,av18346110
我终于在pixiv上出道了！,fbVpYKzmHuI,av14992844
无论什么谜题我都解给你看！？名侦探绊爱！,8UhlLt67GQQ,av10414570
献给一直努力的你――绊爱。,zazawBBD_AQ,av18979669
想和你见面所以来你手机里做客啦「记得用手机看哦！」,tli53D5Oj2U,av23073350
虚拟UP也要紧跟潮流！「PPAP」,jcXsLaYzATM,av8985106
虚拟少女的赏金生活,10KpiO3f9Yg,av9084695
虚拟少女的赏金生活②！虚拟的也能被选上吗？~,iZykFCJsOks,av9170899
要不跳跳看最近流行的...那个？,hD3ZOwiw69U,av17002381
一周年！ 十分感谢各位！「1st Anniversary」,jtN98Cctl8I,av16845915
因为是年末了所以全做一遍！！「宴会芸」,CRSUdhvY_hk,av17325683
应援歌背后的故事！大公开！,U1euYeqWry0,av15167632
用VR来看我做体力测定吧！,c0jGO45vcrc,av13206358
用钱买朋友！,COXCojRKbk8,av9003469
用语言学习APP测试了一下结果不得了了！,6ssZ1KdueTU,av9889437
用语言学习应用做了测试然后出现了惊人的结果！,6ssZ1KdueTU,av9868298
柚子开始招募新成员啦！「试着跳了下」,o3GmFRDNmBY,av17290841
与女高中生凛乃桑的GirlsTalk！,lL74n-Vr91k,av8974516
再次归来！？绊爱审判复活！！,FyI0b3ua3PY,av13990918
在放课后的教室里进行爱的告白！？「青春恋爱喜剧」,qCp0zVmlNzU,av11847711
在下AI，有何贵干？「高智能」part 3,oLUlTrWsNMQ,av14283022
在虚拟空间里挑战DIY！做了个“那个！”「Makebox」,cwc3_MYWp-Y,av9974482
这就是绊爱流万圣节！！「zombie」,xwg0YUFFw4g,av15999478
这就是标新立异的搞笑！绊爱的小短剧表演！,HYxy577dbrM,av10724866
这样子你也能成为爱酱！？,AxrMuL2JHnU,av16094694
这只是一个用猫扑创造新纪录的视频！！,2Wt_ZFysFXs,av14425235
真正恐怖的游戏是哪个呢！「尖叫」,_oZPgbB7hfc,av10903331
震惊！爱酱说出粗鄙之语竟成放送事故！――名为即兴的悲剧,62kmm1ZZ26Q,av10115767
征集ED主题曲！！「致心地善良的各位」,9vRJMjsQeYk,av15306245
正值秋天、试着改了改发型！「发型×改变映象」,zIESmC9ekWM,av14327314
祝！LINE贴图开始发售啦！「感谢各位」,sVLS2AlvI1M,av16162593
祝贺！AIC第一个女嘉宾？！其实她是...,4ju8yBp2iB4,av11313370
追寻热恋！AI也要谈恋爱！,M3KnNOmWl1I,av10676369
足柄山的GOLDEN BOY「英语朗读」,zCfUNC_zFbY,av15774034
最爱的小天使降临啦~「俺妹×绫濑AI」,gyqUdm2-OrY,av16877206
最弱无败の鲤鱼王 「打倒皮卡丘」,zhO6zVMy3vM,av17226250
